x,y,height
22.686114020827098,-18.868322301744392,-0.01741070490400909
25.254027292228372,26.793951826051675,0.30659762901771914
22.470485423079296,-23.055434225196638,0.3777103190367126
-18.37610025806684,-9.495768148940915,4.426266913207113
-0.25254598432368525,23.902273968303724,0.910222214172987
-29.612482848028616,-16.355311979698733,0.6411813998197959
17.61929714436642,-5.142796931633331,2.7327512659775555
-24.971135812794245,-6.474261864556354,2.1463881492077346
-9.625726396180113,-28.661851995742666,0.6349283368765823
23.42629895626959,-28.56781903944976,0.06859576549529263
20.149219293189503,-2.424095069305462,1.7943966752539129
-27.5740984237069,18.779418203077277,0.2815849524191541
16.58121918749884,13.027729305284332,3.6209868896543287
-26.074969187392533,7.727408349331903,0.2198069971282737
29.170778961305665,16.27883719012864,0.028353046077910046
-17.155182151794197,-24.847585971642797,0.23325851626896454
28.41788392613902,14.42947855725064,-0.6840850174263806
28.72604057896683,17.170287611613297,-0.02169906909878591
-21.986594645612733,-22.836587395846784,-0.04524230858819517
-16.685501426066775,7.554063141608381,2.3299507081487474
12.039200174445085,16.17908086667606,5.301096328926981
-5.6872608130826094,-8.939243122135792,2.741746853216251
24.072742335681845,-24.471646634032236,-0.03774428602278057
-17.687857246621704,-10.543243084342318,4.170800021864876
18.453325652820865,-2.2142654066719416,1.7185145019544332
21.242898389005965,24.982847965639344,0.2917808271944018
-13.088819476714782,-11.280248836285953,4.633108558502893
-22.934020916380305,-21.514269593972994,1.01010705872206
18.925406441831285,-14.759416992982624,2.4315115930194953
-25.003600944518517,22.903858517498378,0.3565615918939994
-11.833619527052054,18.69952400734909,2.4061759517569676
-26.19140127074467,10.694961353974058,0.009519604869942633
-25.329568318772097,-3.304822617908659,0.958868885496077
-7.261090952133831,-14.685089990867485,1.8553434902897192
-12.311471633925592,-16.295681965127972,2.4108856840343686
12.730215745761235,-21.740230473855313,0.533226143079941
7.210060690607435,-20.448731598644976,1.0398757082453889
27.999563745749704,5.508223315572501,-0.4376122443404287
0.8079599104271011,7.727863261813191,3.5493173467087686
-5.384100689803436,14.633465573058743,3.9549975931319117
-1.9331447669322692,9.06844916565543,5.600067204766071
-21.518360769926108,14.875572459151591,0.9423554068531615
0.4716091187813163,-19.425478679278054,0.9134563317857427
-6.1611529816437525,3.368484218119214,4.79193362889682
-28.649788293500546,24.35216816642027,-0.3970330808351649
2.5757393914951976,-12.061938052762304,3.02151083371961
8.689743198758798,-28.688024362535312,-0.28255774265793254
-19.577999897543094,6.1316495251837395,1.1908837371315248
-22.076628703944678,28.20877472279801,-0.23767830641512652
24.579328825077738,-6.374699170036578,1.0565412761569661
-21.680270695929806,26.853062621722984,-0.5430347200560443
0.49528566165576393,10.206523537965303,4.379302429138864
1.9699688288318633,-13.413998528909353,1.8673905063972254
-13.296072570824311,-5.060444774649614,4.130470742648133
-14.948286300862017,0.5700425663904234,2.5714787148871014
-12.92836799403899,1.8249493310281473,2.210124387323635
-18.562100634804803,-16.306425543572608,1.8002555595637966
12.854256592476347,6.647989732087801,3.0020354280708803
22.13433983419519,-3.4195804219402675,1.3328347972552588
6.180835898874264,28.920250431048473,-0.26554239212811603
6.687676155490983,-25.167600276383055,0.4038640175804191
8.99554250580978,29.08846450861335,0.5320779281155208
-8.866660559763211,20.85936356541238,2.4879733998190083
-11.042619449685116,-7.057971444737095,4.3944649330663434
-23.427629698680718,7.042517489413008,0.9331062150462305
27.505096329820077,-20.76964690794494,0.34009488881394645
28.88289362874302,17.140873497196928,-0.5865112444130767
-24.111748730918734,-27.052872961917505,0.5221849349712367
-6.389133616852597,11.812196988877417,4.223299302758645
18.426360830327432,-25.013299380072027,0.29538472358282797
-10.482376717935622,-11.154895341639627,3.476471535076182
-19.457008821499713,27.072003295809935,0.07676618579570721
-1.8142294589534629,-0.5081175249926737,9.079168358914501
-13.725487113631864,14.848308190994125,3.6393024440448696
25.974827742511366,10.447005804861675,0.6661881358426451
23.67549951169461,-13.148230785938424,0.7980010922311102
7.076157746873143,-15.57909183606758,2.4908031466889495
-26.763745827805764,23.871056921362687,0.05272041893079718
-0.21719193412340942,28.418393559650553,0.018022201505342117
-26.863810150703888,5.767640131414431,1.094042469811252
21.973182184059667,-0.7764667262970306,0.5701580956843909
18.765706570478976,-4.642982342446942,1.717917414417195
0.6984233075300459,26.90254122137685,0.8943410898967744
-24.438797028424524,28.984830955260428,-0.4534416409885038
14.310357432026905,-7.826402690631298,3.894017245669666
14.651358362808132,-27.775731761844185,0.5281469490963286
-3.6294888712413957,-28.764099403351626,0.21095855984977782
-15.93476026511546,3.7014428770704058,2.3198553530314623
16.77609560974902,-23.51235197013428,0.3500347883592771
-8.122734669955591,5.945812471704215,3.9520336652139947
-28.80591581907848,23.540896815739792,-0.1997360377099492
12.795104943732277,14.953826007113115,4.703533961447605
16.146986225283243,-18.892838067964597,1.3914162715511178
-11.969557629083557,24.735895396724615,0.7519611198853536
-29.34660556987972,18.038048982198532,-0.015556959040412016
-4.468509403176956,12.865543818264044,4.311423138196654
25.26826340640246,26.41150306642112,0.7746038363303884
-19.30760286091838,-21.50161319704224,1.0998862015323718
-5.7468342398143974,15.201796579114607,4.557936136181269
12.519991433901154,22.469033956549936,3.030504374456484
-11.612404686402687,9.05363109950246,3.857222640955187
13.73684006715493,3.2501720834774517,1.7181342447294785
27.301096995018348,7.231772600797157,0.22521464990945927
-6.78187029548112,2.806295411757617,4.1073236195043785
-16.690706430511202,-22.67560679973165,1.1177111521978214
-0.7625895346013607,-10.066101608574964,2.2943513482753755
-9.183425553745902,-11.04893331121642,4.084994243098787
10.4238076235888,9.63508287915726,3.734611616998534
0.015278275938683805,11.636505023559096,3.6432891943943044
-25.64890410262342,-7.77667287559699,2.118580831206353
-26.53425282624663,26.98168496938002,0.21747808411530145
-19.048144769661246,20.595211958498616,0.7405911546073478
9.481006097980398,-4.359145354123857,4.385083609003719
4.8966327593457635,24.346029133639803,3.070969093976548
24.279761692284943,-1.0054854093822243,0.4460808622891665
-14.808293879844934,-1.130976421346034,3.5105981907395885
-6.662539961577984,-12.763743085470637,2.156855258589987
-15.630440514740275,-26.246374687082767,0.6903789110949665
22.273945889537202,19.844439464113947,0.5331608716612127
-6.708626423788257,-20.882938686811308,0.6603318443585403
-16.94267374170422,0.034010709619632706,2.7902116842812137
-26.131431233752615,5.336636227655873,0.30669071095611183
28.304970074948663,-25.97642560093605,-0.12081132520916284
-18.783837224900218,-5.281541089108689,3.8902454501845867
-0.25713001333555496,-13.572665124247322,1.91721767035615
-14.87159975000149,-26.74921440734327,0.3338574406069029
-25.516160414306306,-22.049899387908,-0.26989818540900057
8.51034135575901,-29.244667915058077,-0.08604549151396633
1.4214276166377218,29.7255093020092,0.1199015407249242
-28.44240349190986,-12.510585012762409,0.9266326654105281
-3.459202467372453,-5.459811759114313,3.4574690935749306
-15.599716004899184,-25.35510757329876,0.5320045413439485
16.889989861931248,-28.04218313341752,-0.016096011592995466
5.372872444502306,-9.88699953802595,4.155904870518212
19.99907408945304,8.197637160936793,0.7441504687090543
22.0127736012251,-18.84152543685729,0.17323443101168368
1.5318334637541788,-25.81778683021962,0.3021401459261117
22.594919654738867,-2.6932697671684664,0.7995020899251977
-10.051611754240184,-27.694846601523086,0.19310419599119089
3.7090939270629377,7.210873261367944,4.877264999369787
-23.370529486289623,4.282645541296617,0.43942694512359814
-18.34572289211136,-13.439343119032866,2.973245477181507
-5.539906784645741,-6.349527102582563,3.2912412711092354
17.46879225794138,8.396620030786046,1.148233718795027
-5.859978280598217,-24.41934278980284,0.0792355702167872
25.18724259990018,-7.887190105284699,0.96706259340851
-25.04823997371931,19.600937705863956,0.4709094559657222
-5.634821784505256,-29.766574052716788,0.4718372318352677
21.018077062107757,-27.071261679944442,0.16425281799969543
5.196831239060479,-26.11488607654154,0.4711916247073855
6.37906740343319,-3.5447256314930833,5.109097449917885
-21.539613590010674,15.311330932345669,0.5751240772833145
12.892741250807283,24.251990950468866,1.4937701058457755
5.558654310033795,17.826298677858965,4.644668419457526
3.917994406304736,-8.015919762809325,4.387951556761814
24.058411982260765,-11.861582953228496,1.0933217437626799
-11.131037731561836,25.85666065841116,1.2062855392846188
-27.222544936802276,25.169686815131776,-0.36224739327371297
-27.76811367760653,-27.745673677946534,0.260829740000405
17.65636060999701,-9.316847399031158,3.1683891868394527
10.691714593561223,-1.5465873597790356,3.083220538489191
15.667535276379574,-1.0315938889892067,2.54106483214061
-16.331641526518986,11.571254041595296,2.295263909402772
27.669128965383457,-28.999910812788134,0.2679356085764438
-3.414899682209736,9.062351559999918,4.880112648415264
5.40325924691907,-3.9051716257056377,5.511599406689639
24.618487517614817,26.516973284630716,-0.13380632206086954
2.532556519411507,-22.26354952081202,0.27662856513174205
25.400371892283673,-14.187065435398843,0.6460503987704889
21.51498744545608,22.500887708506376,-0.06800093977545985
-3.6037125786666557,2.121844543405828,6.862843116181485
7.682022925606873,-25.24244043886864,0.3099714562715838
1.410555603756766,-1.2653852107590495,9.40574481889708
3.439126333872288,3.518220244734181,5.870785866073184
25.84121942622391,-3.9744251341878822,-0.05170172972473752
15.048757743798845,-10.107020370304824,4.312145025347209
20.99171834424036,13.96177597404499,1.1101497107431255
-0.1627765633186513,25.03694991756924,1.5877528561929133
-19.36522321411276,-25.897582609054894,-0.2614914600360678
-19.759931818862448,27.60576776898082,0.09952112121837593
16.613604445342254,13.282747590944396,2.8990799325999763
17.242843849331614,-9.577463829549245,3.37309920688842
29.981437214195623,17.942800280383807,-0.4002230799556967
18.88403829041294,10.640818715993177,1.3890061489915158
2.89582915208927,3.7057337852176815,6.060171187159658
-18.076486833579942,-6.633552827209954,4.156208065373887
11.70506175305551,24.16978734212281,2.058872973643452
-14.853495018243585,-25.604108661648326,0.07659138413034686
3.2722052748272645,-16.751178602030233,1.8585636148389568
0.02397124065242906,20.507941197424003,2.968192933073248
-8.507593035564884,17.341162506959108,3.7552266894251267
19.861845437478117,-18.376706548405558,1.2275149571219681
-25.50193124777303,8.466795886151992,-0.10755385925354677
-15.5766521464966,-25.24669743510021,-0.10596507163421942
14.66215340662523,-27.064346188326176,0.6165624961821292
-7.05014860925338,3.4939685457850445,3.8448093759431585
-3.319103609609087,-16.010185764345255,1.678060382228158
-9.02478891472823,2.572342309121524,3.5329243046092276
19.620142860776404,9.585723631198434,1.788069033427049
-8.063035641554812,17.94619372614507,3.4682605092244603
-29.484294263444802,26.940236017513634,0.35687868281216534
-19.594746198174597,-11.291760789202744,3.9008238629045233
27.932680069400007,-20.20682449839617,0.10696374871398395
9.437389458111873,-29.133586409270652,0.08848312900453005
20.470417538592983,-21.404973595312917,0.26897334618729785
18.818910328737466,3.931533635618351,0.21339844068507963
-12.091014726717894,-18.777512777189752,1.6627635322257783
-18.2339107482568,-27.425520105138528,0.4350093080856694
24.330070231183072,5.014834157851986,1.0099882996281468
-12.793228190758459,5.074641638600163,2.85317891994407
-8.42418991518856,21.49194756102942,2.4425596528013913
9.636262990390847,0.7448803261170482,2.9901057898596144
-11.524329856902636,17.70287089662908,2.4178968201598514
9.096897884832721,11.065036358890161,4.9298711717802535
-22.077298740831413,-3.641319184024642,2.4375864416129236
-5.195252894537944,-4.141447107817061,3.6973671656245477
-23.634030057651294,5.279320723611448,0.657644568944833
14.665480811933087,-23.944156750706803,-0.21724964223380605
6.696594228839807,-20.441694309325513,0.7234576698415852
-29.567187179360133,22.969383384776513,0.25250387051353
-2.4758536678893925,-24.126619102269004,0.3703435423624352
-14.11980772622375,11.609511778104057,3.626948756895434
-2.176496283335819,16.41836265404376,3.6524407249031303
-17.825854077954208,23.577180464750356,0.7902012058693139
-3.9282260899778123,20.084260836811367,2.829143788718968
0.06543122890796127,29.642903053285032,-0.021791433389621417
-28.466435908093956,-3.7717454093488385,0.1152452541841118
-13.183647620518947,-7.882864545897782,5.254880075593047
19.054603705153717,-28.261489587145057,0.9259640962284009
-24.888397444081924,19.329815413145518,-0.09053297707583882
20.04733018069267,-17.78862966142177,1.4803409147015536
-20.49353649848238,2.7168718583902987,1.5733505801567598
-22.9280047156808,-11.965835723341772,2.4083366012476426
-1.5797791342617806,5.236282080541642,6.3432972367390175
18.121187986144996,3.430924887974008,1.4831688820435156
-5.239895762533571,-9.014400726128425,2.770288275787319
13.664574399564252,-11.903171670186985,4.356440362015286
-8.663444446157808,-0.05965672316215631,2.9129668057502762
-11.369202872370877,-19.352181287870287,0.7914199427098121
10.713974857187097,-13.517058532882864,4.2173727597548085
3.982347286363563,-13.273943511474645,2.089900287204512
17.036516344404838,-6.202326132107498,3.278645326056048
3.413219977101477,-2.121723055232547,6.307648430252134
-10.970085148090881,-16.73298982142418,2.73724713640169
7.046665764635158,11.547341880568851,4.835692243599314
-10.763997207497372,-15.491062680767875,2.1437793831635363
-21.900946020813947,12.709428333244325,0.6038902830376004
26.560847974774276,-17.311433095159217,-0.05912679319536135
-10.395151604905404,6.867316152260479,3.615323685403341
25.13217613627357,10.075610469034473,1.4870144307338493
-28.295552602322157,16.684072244633555,0.1505430424072706
-20.591756805181134,-19.49967000161741,1.15567625238272
4.4821785969621,14.05375186936606,4.596366592240286
-7.0176931738053625,21.812476482002346,2.0879020786881086
-0.5640779086052241,-22.47911518532119,0.7358256137773771
-7.618472170617512,2.1482729211166998,4.0096597594254835
29.73674607557229,21.86470039108884,-0.14489065627331693
3.666609642016482,-27.4474291400214,0.5047561885890552
0.20812517511957296,3.23676537082504,7.406707362929244
4.510608433920659,15.1006002450085,5.033420429275736
15.120676987874276,29.13144367232232,0.0009561510280717278
-7.956508953372172,-13.456885010005625,2.999619674231117
17.368381523704514,14.629851471790374,3.2472064859112355
14.882495624973892,15.80073399065192,3.728602731510834
-2.1140105272974274,-26.096511900297834,0.21689371893141465
12.532885441761437,2.44406868324333,2.1424710195686503
24.58202441955182,12.787227570787422,0.6484461037567586
-29.329421150657396,9.863673545717063,0.23713070581745632
-25.405093269849395,-0.3331620827541144,0.7903593797154386
-29.73570747635283,6.042400426183406,-0.7236636048527129
-0.16902638159259809,-12.032686720597574,1.4858608391132666
4.736123799497399,25.363089836801898,0.9462988129553356
-26.709872945446637,-3.8970841037787736,0.9886502326921645
15.405558224922153,-17.007986276658436,2.093859754918758
-27.889738767668298,13.952437183273126,0.3382708122008941
-12.528672309029133,24.652938279465076,0.21669072455961247
27.419292899931527,-29.657363280593884,0.1897485514928514
5.599183858092417,-9.569485224900959,4.000311752586098
9.705977959328315,22.084296461437724,3.050798598422082
-4.105031592315026,-19.50394019382777,1.0236667307318417
-5.534217651950499,14.294063642454567,4.90499168249783
28.62978644798065,25.875536811863086,0.38986008158310165
18.951049739149454,19.683809153663006,1.4473420016599214
-22.839340123563545,3.1583019174701903,0.43519469233917735
-7.340646636838841,-10.967621864821428,3.1360782587462803
26.556247692218378,2.2765617175297024,0.45543458564210065
1.5790833614567497,-20.49373488667846,0.2031802589291461
-11.26089743506638,-12.520795486970123,3.975953643962016
-10.791128833593323,-13.05076425063114,3.432030419240262
-6.354660962457746,-22.22752615894132,1.1318240026455326
11.984021346487545,-12.077825881491723,4.3837347129633315
-6.191943163655608,-24.25965799587935,0.5056311131463109
22.533440428306335,23.900603110654565,0.13251006705661345
-10.999652718812374,-13.462790932275404,3.2402340659747253
22.169178786712045,-18.97159517854052,0.7141400846771778
27.426373352579176,-12.169662915943992,0.6243572553003782
-14.475171562957264,-18.11354863560769,1.3637158940389698
21.187073280661544,5.3885488867492555,0.7990118738544032
-6.764324549427542,12.204746552376037,5.759983639808457
-7.224406532657934,-3.5521979181869803,3.399272757282069
-1.5179694249919926,26.422922385215458,1.3924471093079807
4.655528041561226,-8.409286742449666,3.4660630541919595
26.64391644237569,-7.453561417395559,0.22250409822709252
22.159306216052997,-2.8598162520675743,1.8773672992881139
11.285160163225044,-29.386965278617147,-0.9350893529691551
-19.875291962519235,29.98928340388335,-0.2820776273284344
3.7468159280358435,21.94578893492571,2.375194035326422
26.021688390028373,0.5006003322705581,-0.25371439158681913
27.44072562590685,20.24183443883281,0.8996251281852752
-24.565659785592132,-21.42607068509824,-0.03038011757472414
-23.676692135633044,11.496300169194924,0.5281107117657469
-16.444414901437355,29.006252613815604,0.08797446454223182
7.342586486378636,29.363391348971795,0.6703925460100355
4.554168336745924,-20.072667810924422,0.8304301959936675
-22.697310471605476,14.659829352471135,0.5453339579731491
-22.789937396085662,4.996973171948866,0.1337017345044188
-12.730506966349818,-9.018229662454772,5.078695689551578
13.402787536523178,5.027037125411319,1.8909887177517197
19.50961974587328,-5.1225355022528625,1.7323132905268326
19.08730626711185,0.4093939394616406,1.9560582501465145
-20.568908901320274,-26.97291918256337,-0.023065341713933846
5.494209100379514,-12.744020951559214,3.1156773901161965
11.031503090601,-13.161781465272956,4.360378677741786
13.139597123657033,-11.38797946024425,4.7949676963144094
-16.27590663718522,-25.223051873544026,-0.5394658340938906
-6.05508513874145,-16.814370195297943,1.4345219087647152
17.72490087405548,-23.545250496691153,-0.13788606474349935
-25.010289310585453,-13.748601759125187,1.6548567388463633
-18.937362854014154,21.895447644955688,0.4431277056220909
-25.167029489920886,-14.305465941940287,1.1431673894070926
-8.814947073441491,-17.83331536827068,2.0331599490973664
28.30704470644956,18.659487670839823,0.3560298927829485
9.583743724754918,-2.458336291458295,4.532794184928527
18.618823529876437,-3.769974673244665,2.380883640588003
18.254754423656273,-13.509970050613127,2.0074532241015888
-26.10708128331095,-9.077329795892823,1.6146552160925751
-4.734978765500806,18.512041731379092,3.311367756512052
-2.3824837299526855,-1.8861605883626211,7.964125405210711
-27.38949580376238,-7.306321988832924,0.8381732438458902
-11.92928461266802,24.297911399670852,2.1970148315999727
-9.229421650210664,25.96412337023692,1.0478897443495634
4.234530588332383,9.60873009285217,4.256444334583374
17.015612156427714,13.451698177007167,2.861592262880948
4.460258732664066,8.687400541405758,3.5764909923412787
5.4100794021833,-26.822901275060374,0.38953456436425116
5.215645636137836,0.4895861192029578,5.125245115160739
20.08394756915643,1.573644267993913,1.1389915590392927
-16.248421711311565,-24.957934117374215,0.7279516816494449
-7.060124034933345,-2.526623244561069,3.386932619300289
-1.0276453190225325,8.046937662490365,4.333582568331108
-26.65769507637114,15.55183439067082,0.06370186475868374
5.197117039708402,24.80691778078654,1.6147561613459462
20.802534706456434,24.74790959339147,0.5145549727889471
-13.77769109269138,28.812702975823704,0.18757234762461134
18.050704710364563,-27.771153038726517,0.7128792571490021
-24.49379441108752,-22.696819561758577,0.20800828373039104
25.454990463387816,-19.096243683525564,0.7383806534830466
-1.6481675012713453,0.5805615141028966,9.178916293083546
-22.647186165634544,28.650384530042466,0.43781403139467967
27.930644425630682,0.9527147043466258,-0.0699333862632021
8.846462553945535,-4.9462940931022175,4.663448027744334
18.337365359350066,6.997910941751869,1.1816997941950222
-13.16075911855362,5.340571999526581,2.433495755562137
7.41518438039045,17.417782478986233,4.724121207812872
-16.563244075426965,5.859006141546452,1.655458489420531
-5.6531280109283735,9.755298510025419,5.0517976573659205
-24.44731413239009,-23.99365779862681,0.46717770022327454
23.76477309785883,-14.933675543483687,0.5945536987947965
21.082573007208538,-6.704278539678231,1.8159889937987213
24.59736452777811,12.90437376610592,0.7186117656064215
-11.690984702338621,13.194998016949782,3.978152678406556
-4.470393764724761,24.979564224830092,1.3395160305488476
-6.229176331919593,-17.759430026249913,1.0131892221416372
13.09293020513364,23.942816882570746,2.0131355876473167
27.251573818344234,-1.9369432149538888,0.4191531666051228
-1.1566936550899385,24.490653062245038,1.0600405729123663
-12.12797468012053,-17.14774557362307,2.053444203456307
4.733712553899181,-3.508738842259401,5.3862630029983585
-13.884586118351017,-20.02981340609046,0.9299957308960407
-13.273393770511596,17.75508759178419,2.692954908113336
-9.92032734793823,5.774053068293313,3.9861866221133284
-3.45016784194614,-7.670887083121361,2.4108926396880643
-21.682022820452126,-22.619926518455898,0.33743221826639
2.0794133426002475,-20.194104062873244,-0.2689292744203202
-28.130673478712186,10.303864152584879,-0.2843689071441591
-16.032377443728972,23.459282310339958,0.385392503330996
8.94793021432546,-4.590341846765217,4.743876107138479
-24.506185173355014,-15.182961844122968,1.5129486133722359
-0.20178670607381122,16.757811483087636,3.9528242891125545
-18.0426864072193,2.1057127433880183,0.7090398726675162
-8.665493550104717,-14.182447772140982,2.7053921202666746
-23.53621763103255,-22.26572851452467,-0.15151325367088186
27.54810221253949,-1.5584335970810876,-0.45941314128343685
-12.189902263385502,22.391110230352318,1.4302720031833713
-27.90556151591924,-5.52992054027543,1.485988462055908
-19.075836896089697,5.070549990105299,1.2275103954443625
-23.456327487945043,20.560783842132977,0.3638044411247812
-2.5599605203616456,-28.07276066123107,0.708675688622764
-24.91244979183545,29.340272561732093,-0.23055777718919593
13.244226923942584,-28.017046567995273,0.4173226705386558
17.723267760557412,-25.867757070768985,0.20032479396875716
-23.254641809063557,12.786755873561873,0.3739660014286939
20.423596144998164,-16.193676191246183,1.1825815282342766
-21.551194091743188,-13.860251977424923,2.3541132971996963
-28.76180528482472,-14.489531519241304,1.095987416805483
-21.19038750860435,-23.77569391819921,0.20463983526924018
-7.223368482363593,-17.504881005355653,1.3614169431053205
12.788610062052868,-22.63687450744503,0.6764000170043807
-15.560491339691518,-10.465617596124616,5.381736873955754
-23.585770158672794,19.194884099633803,-0.3785638671436603
-8.290027815592623,16.295609394998287,4.418353032066283
18.05524301086517,-5.590021527657292,2.916850654830358
17.711234448889485,16.575555859803487,3.018775734645237
-17.01657598425342,8.50279965049458,2.0355725413591093
-26.17409865954131,6.798076108647614,-0.19938387284523867
25.373554082078343,13.770334746365002,0.3611075444541698
16.864258578732333,-12.929736433897773,2.0124355964174745
-7.815729399955412,-3.5737556551745726,3.784731118529392
0.9722826347837703,-21.612581780105987,0.4893739068459807
6.191203295932148,21.0918420104205,2.8987388205669062
-4.642172585161017,-7.557829137025006,2.859436285161881
3.792163584651327,19.06662354240047,3.448769310447591
24.69460868033609,-15.30115288052386,0.3617942334664763
18.3186284247751,13.420172875468424,3.1537184021422933
15.819847838787027,-3.1364775980190736,2.096124173855634
3.822793175469201,29.420028956644046,-0.014392759159323087
17.710317186319614,28.552791105548188,0.7443567445309602
-6.238624032270764,-19.98378290581437,0.31806436265898524
-0.19393269199973773,11.305623404126791,3.9890415130226997
-16.440648529563187,-3.3882649392074846,4.190394191965748
0.5914872503858604,-19.7279465265562,0.9117100310777808
14.731830514927431,-18.417619741949657,1.0823487213738872
16.56079185970036,-22.333708555795642,0.6529057076336232
-8.526047235217689,-18.786350683272914,1.17280701318878
-26.722305030590547,13.467698478210998,0.8136582506935642
27.852760774616527,18.255756584504525,0.15838266872174714
20.22354990632242,-6.268082124665117,1.869927015760957
-0.9278390835595509,-24.888762733636625,-0.02306609530385001
-16.444158430075106,2.4885568791785104,2.0578715175756193
14.0561556829158,-15.737561108545972,2.857987646747346
21.19249663538836,-11.794360761273875,1.2669514141405207
10.867508674815078,-12.494457830642933,4.310786171479047
1.6843650039059135,6.48624109077447,4.472481535360895
-5.117730511398154,21.324173962230986,2.6305878805286853
-15.177069479627765,23.348932692230605,0.907513094340904
-12.02527714906941,-9.68515064103222,4.233549467502346
-17.09424799367422,-0.03971984740012502,2.7572809134463108
0.25345588792933427,-10.005736261585309,2.45860755405025
-3.952398376249178,-17.936155996522476,1.7733767662727602
16.333096964495674,7.272161753166138,2.821166887170609
22.415648228598663,0.015173688879109193,0.699244243236594
29.89284390560004,2.7441963228545134,-0.1790629646761046
5.460373608906551,-6.486520002649577,4.2619990163824735
-21.52297722783347,-14.989870110299892,1.6544260098953956
-14.041090795510629,-28.49249487408295,0.09592464791156526
7.4184231853256435,0.8620811417621148,3.324720174794918
-2.6930102570151533,-5.435033118409223,4.173437360656014
15.578148353826158,-10.971008135295147,4.020171589078029
-5.018862389161203,15.73726481996728,4.874676532480778
6.72928952707715,3.257258435569703,2.938864340295968
16.9635046891267,18.238112470093476,2.2308564328981335
-8.347685624611877,-29.921312735872775,0.07883663168529026
-9.832238512774122,10.377160648666667,4.403160646741926
-21.371808443301582,3.819964019315627,1.293847241030888
-17.983218034872657,28.653467741973387,0.15774353768288651
-8.10124492371235,14.282087368855336,4.675702082406736
-19.190106041521634,-23.604509727853824,0.08928858142892132
17.61180593416602,-7.087863805159774,3.8585714141028733
-17.737441382268713,29.626047505814846,0.5982582964931711
-18.190927519342168,-15.648081577849117,2.9203862942205148
3.953552272042927,-13.338926261571075,2.1430416683365014
-29.61695721971395,28.375590536342976,0.4055551054937354
5.184321565814194,-0.1495577262679717,5.931460322006188
-12.225786984519353,26.900161043930098,0.026508173016819236
-4.956527713116699,-25.44522444911698,-0.11072613920068314
-20.030143523389665,16.05197714069736,1.1084817373667206
-9.170780973344844,14.469667253658088,4.1777125852263035
-4.985462160105204,1.4907003098475684,5.911903815433185
14.431076523580728,-1.1761536382779454,1.5056819894659996
-28.15123450887365,25.0065200832056,-0.3165626736445531
-15.867157136242064,-2.1839611294533796,4.0384407701218255
7.421517203496492,-7.003864098850968,4.3862295977357615
-1.9230862295010027,-24.187057891219066,0.5572988335762842
18.465978866006914,-24.6289928379784,0.6417771436774653
24.525487881907267,-12.068151503593267,0.514382246144892
16.867614951344464,-15.65788032502224,1.5801539533038778
25.68995284392237,-4.412893607907883,0.5806488476393517
2.524504503230311,-21.708676321369563,1.0618396374468901
13.4410984284903,-29.27792686486208,-0.06562333441552128
9.796197129788396,-7.060392550789949,4.31405124056533
-1.4866135235406475,18.445918479798294,3.6055053383355404
29.127988467551745,2.511988666518185,0.5084644462602723
5.022148579632457,-6.406985048474844,4.547949370544257
13.777211893094396,14.26915831078064,4.1281806562737255
12.63774576244623,21.91983985670666,3.0587697642831406
17.777521019071557,17.77712982393418,1.3409987699240518
19.04072995811792,-15.594526924276167,1.080085235749494
-14.005494875411586,11.20856569509337,3.6126371628092517
-18.6022398896975,13.6764049578886,1.6091946195101086
23.622030242366137,18.63486638485478,0.5163124115120167
-21.74979628349216,-6.814474768211532,2.90808481663228
-6.116781713610877,10.943956863060833,5.205095268875637
2.2047132116409074,-21.38435590287962,0.6592109609354221
-20.636060384518444,-14.104667735134024,3.011315163209071
-10.2709944286512,7.58042455628464,3.7663910658935373
20.72417510182082,5.9758975653540745,1.3383099310309599
-18.495685729121874,-4.9016327125463555,3.109811763077976
17.017105552156586,-23.45339326291729,0.3301069141101441
3.5285547222441664,27.64775808891757,0.7256242759649005
-7.982595014022735,-28.056690059799084,-0.03538284949965109
11.061982237219524,-6.633192198620993,4.911893700789392
23.33717187064981,-28.445101614801292,0.5572756249954961
10.467581916041567,15.123773461860345,5.452945026617412
9.59992690430849,1.2271959535284296,3.41903639821636
18.64361410622226,-27.88512981499848,0.16137976613558586
26.59530458161656,-9.827515361433004,0.5093716987275675
14.377147508447536,-18.112420432255227,1.742515895976006
26.53390628322191,-12.385814473223473,1.183761072489244
0.9938355849217864,-4.412326302677684,6.483461875007451
-0.9974961458858047,24.806589813949437,1.179861402087738
-22.953812657745747,21.483501089088087,-0.2750318904780224
10.778575163712247,-0.3142787896367416,3.140725481859125
2.5442678161697145,10.593797950138473,3.6111000481386775
-23.463505503087497,9.252787615698253,-0.1988322238325611
0.729353633391483,21.618763649890248,1.8807887547640636
-22.694726535946444,-4.02400995165106,2.453927520812001
17.3510471814391,-26.59538972943029,0.031079325873761887
26.92333505452816,2.3151712694699924,0.4466516812295268
-1.7841806446312418,5.003268516595973,6.171216287360297
27.18214695839609,2.4252962424561417,-0.033130993184521895
10.862963348891277,-23.010855920879916,0.04966971019497701
-8.58393097885159,23.420429574485276,1.096257282949956
-12.351543886706743,-4.843561155586819,4.034660803704723
-20.710776004653646,-17.17155952198506,2.1928808541488785
-17.099651435096074,-20.108246898249536,1.3693347336500954
7.401792400655438,16.50559236300201,4.687889809115947
-23.57259082668206,-20.69020113270249,-0.13724716292395456
-23.746392350339832,-6.32851828862584,2.045214786441642
5.123697700157059,-12.511787406272312,3.590664330305297
-23.35000987424053,-27.408530563513356,0.5138451141860335
-18.459080329466396,-2.6375556160688163,2.9074071320421537
10.93727509277786,-1.4910458033182614,3.8700454590889595
-19.892360592259145,24.96356017512869,0.28750850713648957
-20.259776919707313,-25.58030825815215,-0.18981048926046626
12.908350206580977,3.499344111331247,2.372324289723439
-11.525821103353515,21.772679529253324,1.6768145518495294
-23.531514637885113,-10.144419323868803,2.7757424301030205
-16.469983196147975,-16.39519909105279,3.2449937578279417
18.432276384883643,-14.183901709098139,1.9900106564044504
-10.127614647748373,-25.453303913969446,0.28090735398173877
-3.0167499665314175,28.599742653028898,0.13260276181129815
-15.812803021444477,-22.027966943456843,1.1571859208164208
-7.399107215428145,-22.287524160098528,0.05024680786982205
-12.048805474507038,16.568147328645075,3.6932915846125915
28.133597091093563,11.293893360356925,0.1750570847447221
14.892457446583066,10.80945234530629,2.939118418532459
8.964922436643356,17.90578048781346,4.964869778284079
-11.635248960480627,-11.657473873146145,3.9790110152595584
-28.58395369112908,18.80252652962993,0.7448577272591581
11.392934887910563,-18.474725336473348,2.1704223000240686
-14.073516848717812,14.297749823717346,3.613304763382035
16.283661838483866,-22.678446632461068,0.06871225667659114
-21.562983314221544,12.377911784145212,0.5267390326870076
-4.387971930485335,-1.0286550166555273,6.211017474794108
3.88954318386574,-22.862770651536408,0.017670114904053902
2.814793748345359,-6.915004849272361,3.845342017461811
12.030730726146416,-3.6370684374926654,3.685077714349924
9.143842550770174,-2.564838093950083,4.279014154288802
21.746271223356757,19.681260029054727,1.5474931173288644
-6.57941593463147,-28.78578952958631,-0.030376756016341933
24.64155658549455,-28.81353038358263,0.05165021611881611
20.864175894075807,-0.16061942475874247,1.0761276226262444
5.889914424904639,-3.7316103460898304,4.410477978183262
-21.14986487420154,-24.83655076316048,0.2040008014228495
7.325041616499263,-5.278149807355973,4.720054673628982
13.345283844051892,-0.361080460956579,2.9552592247798573
-22.25282975120703,12.591411459216928,1.1073413373904526
11.971741382245753,-23.75729417086381,0.5984322888915797
-6.6667619150464645,-22.47475947487913,1.1825538930423154
-2.753086750237884,14.005261081355698,4.603225661529354
-3.163108778004055,16.52146068971892,3.657125491278709
24.781458547414495,19.019343319459978,0.4724867791121418
-17.172391875156727,3.96744587547861,1.810357165606286
2.245469174006594,10.058311620230242,3.384295232731315
27.3591112793964,-13.133669982534283,-0.1645457032429808
2.4027727029528236,12.513013500443073,4.854708106451058
23.81168993641603,-2.8044506578091415,0.6012983690003665
-18.64246619565826,-15.01713561279294,3.369179351452153
19.510911671579763,23.935861137205997,0.17474746671317531
-0.07099901415041643,28.882514151060782,0.09792904497370353
10.43991870262576,16.425864976054015,5.3692148221087805
5.307745369344282,-25.511803922807523,0.7135896330801519
7.682078099657716,-18.589227521676385,1.9204678516960039
21.16712537365656,-29.79822084868597,0.20546630968384375
-21.23466072464005,-3.7766421555986334,2.8291005086689047
29.035237295179677,-9.679254960204496,0.2204518143982926
-10.269620989919346,12.350562877201803,3.8750431420559304
-22.32457351537751,25.341803922050474,0.4601914085246229
25.70927902258942,-26.303716984709904,-0.07224712850469307
-10.860898090564707,-21.563982892057833,0.8549131515836207
-5.111825443923543,-10.063577808023432,2.181466748497434
-2.7418480738219735,-4.569734144746132,5.5074855215017156
-21.483251817982627,-26.746057747545006,-0.4865675070680204
-26.78982959553784,-2.148008771186859,0.26089989191295204
17.367580588917733,13.103212134837129,3.0133675425162147
-23.4261772119485,-26.39802952862026,0.2602389206405377
15.344508580965943,-15.113227870022632,2.9535546538300945
8.038774180838232,6.488828734973978,3.0863072490590477
-8.349081109998583,-17.311882038796618,1.7917375277376328
-9.549074652602314,14.099844682803422,4.871666388313734
-13.876182495333534,10.245952426221926,2.9314771452224777
11.447695507017187,20.278506686234728,3.9488347875028396
-8.015740542595868,22.94833573547804,2.1514312216898075
-7.74321380449247,3.910464837532686,3.4959968359020177
-4.2704586652731855,25.755198796339194,0.5639643295688311
-21.682483538246593,26.633082099599328,0.43802449255800463
20.100046525554994,-22.395362506694738,0.49978121274217
17.33227303090449,3.450246275655857,2.0270379606961977
-29.0419502160977,9.083109637879225,0.6027212551381371
-3.253504698556881,18.076149838397775,3.7184329502586655
20.057288336633214,29.537359110210993,0.10305428196207862
8.96014393777574,23.42944869453379,2.532053230510259
11.175838616434994,-29.37074832194727,-0.16346784777519202
13.418316735608549,24.003653706506334,1.7370237607812227
-4.835190857342816,19.820169109816547,2.697718183017552
-22.992660184957835,-6.633966904594885,2.1754779081537645
28.0389807240713,-24.765773175546336,-0.3632199583122802
-25.49807832790111,26.58737733276083,0.4302755179764901
-12.630129845069277,23.98654852690212,0.19607802142040853
27.963762785393158,2.6680691209726746,-0.28907845151003475
-24.747870806629578,5.249352393866872,0.7160304808861355
-15.707287561564623,-9.895061260121892,5.290864167641365
-16.86498104004439,29.028252038253243,0.4752096443689953
-10.8278824309388,-22.51928796556539,0.6858256008114516
27.454901509094725,-14.869224839522682,0.0455285830015629
-2.1174761995690297,1.1468281662764284,8.237802313107062
27.891128830273665,-4.5794652767773485,0.6407412782773477
26.50673730922854,13.729385762262602,0.48907764411252175
-26.94388028633931,-10.412714818357067,1.0174547169872863
0.5646653498509515,-3.782220640340867,6.589955284525072
5.2413163041203745,20.099720890322466,2.8184950312025396
16.757511812915943,-11.655687379101174,2.96588523911108
20.590697646859773,-25.118745501094722,0.2563868976152788
17.203245034076048,-15.39985112719645,1.9411638199224421
-16.155968294628103,24.61446029271621,1.2310537913841757
-24.945748214288415,13.40796832849346,0.3799954538495891
-14.771421258052467,-0.1836089365573237,2.86033652313227
8.175667676648011,-8.515822067428825,4.836574773066909
14.382518070017397,5.141475009675901,2.774129305829038
4.3798965698141,-17.48959323184934,2.0277920371060274
3.4244198962668264,-22.203722418168105,0.6548592266914497
-11.706013819622928,7.745581234441701,3.588302220563056
-27.780574352726276,-14.289940929870351,1.3473414816715437
-23.798452182806308,-22.74471254485069,0.11132150386444858
-17.185721784924375,-9.153436125808597,4.84175775506577
-16.177279792395574,3.0392572434128695,2.6865944835328595
-9.098692966435319,29.227190693451682,-0.07615339366846291
26.29594960301815,-4.927719020291935,0.2796931630185341
25.914573845954536,9.664302325157806,0.24588241975227124
26.433774081545657,13.203514714573352,0.5497024755755475
-12.277883956278675,15.808783968899284,3.4500670811673997
-17.471491789596907,10.824665270222702,2.472794872711553
27.475416100939682,16.55531823931681,0.9375716454033567
-24.211877150144943,-17.312264135928782,0.28866809416492056
-22.739021338343626,20.925081770884333,0.6625491646771324
-24.177593059376235,2.139704729300064,0.7938143387161138
0.7860265456840843,10.543345509068935,4.528973552899605
16.62981901373969,7.489531696285496,2.344511399558941
26.196519959988628,-8.634264333834317,0.971352291593656
-22.324587185695293,26.226599630841328,0.21219369240919161
-12.795301467029216,8.212367363942263,3.4394939225360517
-11.386045627257143,-1.1565027526879916,2.9294567510670944
-8.459680163940956,7.388001702293096,3.930536424705141
-20.138649694973886,-24.66644737506558,0.17425830083048113
-3.021689678549464,3.3706948130327348,6.744867024319563
-16.20422522308158,20.370988368140416,1.9634025393826113
9.532534516440961,-14.783344661185442,3.7466044788638553
-9.712480282502465,1.3237544768803104,4.008905172133389
-23.381574511312152,-16.894379121243578,1.6090301430389595
-22.977118077968406,-25.434426310516166,0.18516375243961522
5.590795379450881,15.289554492575007,5.656101987501936
-0.8994486942954332,-10.060743304589565,1.6019057439550128
-2.448789229631366,-5.578491764029003,4.533988153980797
-12.97915150179761,22.377551470263654,0.8712818540262959
-15.825368381865568,-28.209284177554572,0.2765161395092692
2.000023110308433,0.242905473510163,8.932056891694916
-5.992640134287463,10.061451098415162,4.6869691229730845
3.37471864795765,9.187560878279385,4.112397211335057
10.412550290998517,4.2543326423493895,2.401013637154722
19.100477973362942,1.835244961190611,1.4630792710384966
28.82167675289869,18.4162453427272,0.20823405792831695
-25.20495090240573,12.1504355333024,0.8343358230845734
29.363248266634763,-25.447781588287366,0.5055591641680813
-11.866760481655014,-26.01046542790971,0.5198606264590276
23.99210186692715,-18.15656085268073,0.5103785156940555
-22.111752762766923,19.749080194778216,0.7625635297581143
-15.008339384996345,13.512375896282144,3.2394029878414865
17.37127382075385,16.823782439083487,2.609369122528982
-8.481499225192152,-0.3696713651294772,3.05573049586061
7.253282730026115,14.3799214454218,5.394474523234839
-23.90455689373391,2.053293053036299,1.3747890338557571
18.509633795330885,17.47645746191384,2.5483866471982375
21.396499932368386,22.840493449738318,1.270787067065563
-11.89535405068392,-13.864230394296314,3.696625554922197
24.893159677069804,6.284391102072732,-0.31708484261647263
-6.100945832273602,-2.529023171970337,2.9879986214463243
-21.635885432501645,17.52144062720629,-0.12890627505286845
29.44813892220423,9.817018183216838,-0.6786815461773755
-18.36497660303599,-18.965211099554494,1.4732231475214999
-29.69096919154562,17.38757664059765,0.8429840405795426
-21.44529450447614,5.6298985113744635,0.24087888447333272
0.7910003587684606,-20.848803468248676,0.20137959718521758
1.099657304077919,11.437018531521154,4.5323844328172616
-12.367020033351793,-11.804564106789378,5.087248518912009
-13.994170896456076,-11.05553551877913,5.031790985897145
20.801830687559082,22.12833663004964,0.999926424265088
-11.8944428416407,-21.241756726725868,0.8780718387539472
-12.060014865336225,-9.692785199963488,4.670791579381615
-11.493151599530783,18.142379119403266,2.9618336479995264
7.109733419424337,9.699840629621242,4.3412654522647
14.442686296700614,-18.662199014321825,1.9788074144958117
21.526669766794676,0.8915696654290635,1.0040052942861082
20.828661709825518,19.44847176105175,1.1348663067864062
25.354734176539978,-11.611284953921366,0.3284163304803225
-9.187398834817333,11.695739267177935,5.225770260570275
-27.178352162559612,-16.122620358143024,1.002612725138272
-18.499137015205633,25.594291730482965,-0.3240315276568576
29.033608482195106,-13.715234447723944,-0.3508960960534282
-29.83752747611625,-25.306686475126806,0.24954159424831088
16.664294653676464,-28.325757923123195,0.1894628899032108
-24.956376299764024,-0.9627707673929251,1.0104746835815805
-25.528855359957625,7.202356505427815,-0.2902811890614125
-12.451569746623669,-1.8529012572021522,3.108883590130908
25.658280064430855,-11.425360068437666,0.17558445093094288
-22.627095588976694,7.2232540779620535,0.6636548371088312
9.351342273977004,9.17099791149409,4.428459022096537
12.094915247553999,27.61858723437272,0.5337596659543249
-13.6600475245633,9.093050182110304,3.898322634910964
26.805501425586186,-24.743757270721318,-0.24030846081629226
25.200470178220712,-14.11605988191936,0.7142314528675405
-15.721741106837438,4.946245977975288,2.2447636232861057
23.83666697217555,15.956210743202753,1.0764991704003533
8.11550858838369,-1.6635935786850418,3.7675850556295902
-29.58709237092058,13.71005783099966,-0.15379663104858404
22.571383789057805,-14.692540519713248,0.6128781536287293
19.894175320326866,-16.605090012481032,1.3316589988994143
-5.294993767926812,11.33143452293217,5.786265035260959
3.9295119143171533,9.907284801617834,4.12350892514334
28.463136586087153,-1.5770008387662884,0.4279387265857135
21.65569384663379,-22.4234445842048,0.28605456349492675
27.115662151081267,27.15610322968375,0.13440122303264113
29.801987523673347,-28.609270939967914,-0.588181190216791
-23.64802762388571,15.935644162354109,0.08560317958860886
13.476944269051486,13.924361687159148,3.8490750405420657
-22.50794421315068,3.6757152212048396,1.274459799680909
-3.15580874675846,-1.4134105630428486,7.519366593263564
26.955235118578322,29.800670534672726,0.14535973625173712
25.479364050339427,-20.472453013847684,-0.37719906256674574
-24.052979581490487,-6.953732449198274,1.9083746150216963
-27.508122116060104,-0.09435179669002025,0.09869910631606382
-12.521799651771833,-20.7783132817609,1.9082213932905459
15.234135526026996,23.730006111436666,1.3499569026839167
-1.6243393304787155,20.203290440310006,2.9989481255532886
-7.300514097371742,-3.9044923881952798,3.753847944758742
4.135370882858275,23.909691903084365,2.2777296754922576
-17.395438414893658,-1.3290820531637308,3.0736882292914545
6.2178793710149165,6.8357790184809915,4.0399045048320135
-20.5743055999881,27.060530600096932,0.08323912726032053
3.9496354176208825,9.772926334440562,3.967871567508684
12.097862744312593,-11.486150985147479,4.801020071154721
18.99328314645704,-1.6457342701534117,1.6174060753787782
16.250464258690087,-6.129326260037683,3.421637324222653
-5.239553369793576,1.1251113068808891,5.723951911213391
23.343650537982228,-14.521427114271164,0.9973300714934138
-22.29426702544533,2.9966256159623086,1.212957180498365
-15.13213509367472,10.467186566962255,3.429843910300946
9.700572714552187,-19.711236088369333,1.0887181616709638
-14.033361617353508,-27.398558639571743,-0.08241430279425901
-24.021722144896426,-22.043188443931257,0.540287578519183
8.98153836620245,-16.5800704840839,2.9002495440328504
12.52543638245966,-3.7372081303029994,4.28968831730386
-0.2955432740145696,9.044712658802531,4.614107324890957
4.518104948170858,-5.735397655567414,4.507572496221265
-7.062934566779013,23.760384689884106,1.2704548675681469
-11.79495120016361,20.849320802398516,2.695828367939656
-0.4128487391996707,-28.01469889524037,0.2501351349119378
9.762021556032558,29.41133604045264,0.029723479940492847
7.523101214751392,29.60915945833642,0.7908344234265402
-18.036230443300248,-23.455165263431702,0.9405281511809543
27.78481829654728,-10.960918211856999,0.2051773308853625
20.815417994481287,-29.613013438042167,-0.46991857889636934
-2.8910480841779673,27.477339702622615,0.11021892406323125
13.585637640297257,17.18715873398603,3.984981383982486
-5.221816690858411,-7.944997305966847,2.476917149023326
28.646361268925567,27.3241938418722,-0.6286648585177669
-8.574690899235616,-28.228992091134586,0.5486937400960916
25.955281828042025,23.032004094300504,0.1404317658204001
21.21547438842078,-13.152311013157444,1.203215945747083
21.266709264627366,-29.520499432243355,0.255320207381104
-20.513740630130258,-28.533743830321605,-0.40841480809495045
17.60856262701499,5.665968128123737,2.111615349490843
-11.719957437269521,6.064319793882177,3.5763276915620823
-14.172372965184334,16.78050263778757,2.9418785732539185
12.607495478619612,4.258822954800749,2.159152665066177
8.517625250467653,-17.565528668015983,1.6314442241561762
-10.914250682008081,-11.88938067827759,2.95809086425107
17.625351175015886,25.267763022573632,1.1826920868771973
-15.508515573863006,11.62015180185653,3.050368451576053
-25.4428117954965,3.046278814998594,0.1680608896081035
-20.01674946801112,7.20107571601968,0.10220314710668932
4.168343031916997,2.6033947765871943,5.323058837825968
20.45084729007504,-5.269114510018266,2.052166576676942
13.590283738681627,-12.80342385965184,4.53156904673709
-3.0969216424391526,8.48702781452743,4.2082964047623
-6.3905800059773235,24.772596154917913,1.132358719477791
18.69415518175417,14.547215740994261,1.9560433282624254
2.181074115670505,8.919910727281255,3.5811330088364484
4.602301446054646,7.307636423798364,4.033402060869841
-16.063161824344167,-26.30171089685188,-0.12319349376637836
-22.662694921237723,15.455299575649015,0.8608747305020478
-4.827909287066575,-21.33882966800853,0.2779981125575809
-10.016979311392177,-24.879560643630626,-0.6945545092237421
5.977228100097058,-28.52740154085217,0.43714215519347055
-25.220791350572213,6.9907428436359496,0.15430336401763944
7.074888220759227,-12.188423449539961,3.449148987379809
8.399930302246716,-10.440146201355304,4.828394554618648
-27.687012417951543,12.71912486304818,0.09715159446666026
-6.360772719123332,-19.21923062953521,1.2836420314134172
11.400638934606036,-6.41755969286157,5.19792933612834
17.878250482239253,-6.893072934879417,2.7150626573955288
19.086233803048692,19.644500700216064,2.1408323798186646
-12.34575709691223,-8.323793991215958,4.513626988513473
-22.643743725327965,3.910223921045798,0.7101282153499269
-25.30177093981633,-7.436743822171984,1.6397328493768022
15.919955493126388,-25.523695722417663,0.09594738696664312
-12.135163212777869,-22.03168434869331,0.9468591482743507
13.517618091052803,-21.969881361040926,0.9104826859419878
-8.092854793802275,9.515217854111931,5.041888633626433
2.6908459848105863,-1.8220576134807516,9.147314478783187
25.63754610172937,-0.18653888014440057,0.016508458961407013
22.497004033646704,14.036373458418353,0.8684145664319448
-10.782375450519112,-13.967393150716042,3.422016405161361
18.196492042322305,-9.534125820088697,3.0127279458067786
-12.605965456287766,0.4651592962012998,2.5718977235832665
-6.856038608166916,-3.8916781908122147,3.3824761609186456
-12.985403211009636,10.354134969758547,4.575922421662619
-7.4534458614991586,18.919765152548898,3.4448055503702695
17.006142641836234,-11.5531527411441,4.1795130270531
-14.768441103685802,-1.6107647393935274,3.476590913499923
-2.0260198004998706,9.439333810113375,3.9046950798304776
-5.714121249098824,23.588519386996104,0.991097259839016
22.917234348521816,-8.512812450166617,2.075301414848114
-15.26212003657122,17.764259073450162,1.539816798608477
-23.974382596097495,-0.27907454495288775,0.39302990575939867
-2.5305741803478625,-12.646574609536998,1.9708614708343646
1.2454499187612846,4.81455933234912,6.034165600994852
12.56664668478885,-10.733012697268059,4.5388560088024965
18.680436179820397,19.96852979250508,2.3522904415854304
15.152083232110513,18.819204004057163,2.8509385667027667
-5.4721888411168464,-25.286636914402692,-0.19952782222776827
10.880879090576542,1.4208123015938128,3.1258169619712306
8.18395317633368,26.25211825652901,1.052247250986459
19.336840743679105,-16.550276813245315,1.4793895074281709
6.3926460372951865,22.97211169445046,2.437811865789442
4.890002590271628,25.46879396572986,1.4038726217060913
25.311029557211512,29.29182209124361,0.5636064408747885
-0.3548189728519766,24.65986536353585,1.057889213514099
17.378587410883924,-17.848663581083457,1.294856173828375
4.693738383416992,26.47278020586168,0.6154126342024574
1.5651339530029382,-29.877768561929685,0.1312060171297938
8.069126998501957,-23.95041187466139,0.08311370816969732
16.432420009201586,-2.135328142281132,2.3428439024114627
-24.582770522213366,0.8822263327039757,0.6438153448404713
-10.167815194910443,-27.665781302582,-0.2631918540828086
18.808419624815492,-12.598595933096615,1.776852948056839
-6.652805774807863,14.746892277002829,4.534000007436711
-22.630870564113316,11.197545556705045,0.38668336597056785
28.853510317261396,-6.390482992315011,0.04623600187177959
22.743086501817196,-21.562467429331644,0.49874643642339045
-9.334710739817318,-23.16208856996518,0.45187665972562574
-24.064745018653145,-21.097262422628553,0.6183787178298092
1.7258630546032734,3.765947755649421,6.506512103390892
26.26807393399389,18.38366448094243,0.5071873193641726
14.828270095887866,-22.59571576674446,0.2757914141267772
-1.5078003858456483,7.500490064332233,4.5626904225208635
25.51941876908809,-21.284674491869204,-0.24908819825118128
13.20794770360424,-28.28890973083358,-0.20558703646206916
23.67040390539544,11.340379696491752,1.0099993244888883
28.613878758304267,21.390793372418337,0.09465547900214696
22.062808478851238,-4.892828255881387,1.9043111927002356
22.323658310712652,-29.154889290835417,0.3897571762271609
-24.102493204621894,0.056068692562803335,0.5112725538296585
-28.093436475327557,-1.5850036130294143,0.41545946805630385
-1.2991100397538204,-20.498716807511883,0.6447923649510835
-18.987523669653395,18.489964128922978,1.5342756487287459
-16.85738996119483,8.13849875437272,2.33511275953928
-0.2522996864250011,-27.312566435460553,0.4801267815813982
-0.591452048283859,-21.043012725297878,-0.13616627471194348
16.54704741884354,-16.4309395857413,1.6464611554666777
-3.6728766968717395,19.38923993277178,2.949297596149837
-27.71677538530629,-1.863220024241567,-0.11092890822013246
-6.7504562984767205,-24.67707699404907,-0.34343150253822174
24.039331406331392,-26.938166151619274,-0.459528616599631
24.29227666195645,24.96949555547198,0.21896624911524307
-4.210365798153216,-3.360875261472401,5.675752246316216
-11.874786330086124,-25.39042531306331,0.24275202506864532
-7.995321405458807,1.0475571318311339,3.3363471858702995
-15.567151467686632,14.641806874482185,2.3497130139290863
-12.495466289335106,8.132938161800979,3.3015069424403976
20.257282470124217,-14.65454741306489,0.8649755489377537
-12.719668162093019,19.541429165606104,2.261211379009353
-11.573205623516259,-20.242905560134865,1.331868978339598
28.926139711174145,-12.951256567054301,0.36530163521531556
-1.3511695430393722,-8.925633026058808,3.3606818978977038
-0.26644547369739513,-13.02387757301905,1.5018071856547457
-10.90493173421983,14.220273316689642,4.843559609918465
27.617624498149688,12.14107173821941,0.5874425535987691
-18.540285285096736,14.321652869870306,1.5455033338287283
-20.271241611306674,-27.837342870221498,-0.4559792576480952
7.082716443381713,18.27585629859211,4.569188693740521
8.243527031199868,-12.439502430420877,4.6406689050180745
-4.103681625372701,-0.11519511732787535,6.421070519991135
27.349844629164465,8.815067236756136,0.07535431534275472
24.060318596655918,9.523243576440478,0.5621375751814399
4.720305373637302,-14.16777466832863,2.9565690445086443
-17.80453331407452,-20.16908220082191,1.0439712568365207
-8.58265082948035,7.767509314715198,4.361244672559007
15.621883039403421,-3.644635465474334,2.7150669257805125
-9.750406201550401,-12.513095172702986,3.687664061505055
-0.5717753878535277,-1.992698393030814,8.359311447426485
3.7861185741124572,22.143873906603773,2.5981580199482637
27.228065344276864,4.384237119491665,0.4492745259044197
10.879481382197241,-24.563142943004394,0.47429643436411006
21.78235489662955,13.559366034288324,0.5999798258355056
28.21198691859552,-27.731074999537718,-0.3728881556943948
-21.524617263407155,-26.0285094976571,0.6536010499063054
14.23170961544632,23.140389129717803,1.7170151238341067
-1.2006512978675659,-1.4037994549362622,8.716621171971918
19.73256405061013,24.27198299989786,0.2492073452333572
4.7923293512078615,29.917177631202435,0.5947710751100059
-25.62517864799676,12.845067847309835,0.16848328776690777
23.212568210761752,6.009303796959728,0.7620309285826201
20.467817136615217,-16.916533155819415,1.5380362150315847
14.400218805322638,-28.081738480050078,0.3319848743509141
-28.30310982874204,-1.2255418818380512,1.4532018541437872
-24.194307885541274,-1.1289717875455096,0.8265466513512663
-19.261853431554563,-26.538419843240813,0.1334850558205214
-25.988391238843885,19.004694611752114,1.1718910533805598
-20.786747811756626,21.92364157019513,0.7108690011552131
-9.347325211572773,-22.371394937987652,0.1843903931305363
8.516271832055743,25.34810972580967,1.8751854105672667
-16.83144624383275,-12.139615326721483,4.53249052115711
23.296265897491793,15.591681184000088,0.9584262805533242
-28.884047294347987,-21.550632481239774,0.749982821614495
-15.67113764518108,13.662743627783186,2.602780157732004
14.979162460462184,13.234196569260362,4.1584370761682905
11.281001577815566,15.922561175936814,5.488838454234669
-0.4481498698630375,-13.590646947495777,1.5782533805079135
9.934767638797553,-16.264177669564955,3.2549110925116196
18.85612332179727,7.080107695675032,1.2679636008557926
-27.342118751610784,-25.410409731767984,-0.1700380005233327
13.270081367910755,2.1729020996354436,2.895573207965744
6.111401303474594,8.31094541960703,3.4569148327507984
-4.679291350156063,13.8981929280013,4.642329118943922
22.047715214623125,-28.46699539839149,0.15937445051831944
-16.770075497915457,28.28085311808789,-0.570525790575251
-24.636073594585003,-17.22560933540841,0.8353520561542218
-23.620798261116526,-15.067104570375545,2.129255753083876
-15.6363139542755,5.92978025586789,2.6572173955732135
-7.037144519661631,-7.585511464430837,2.8247050812352708
10.888176681188973,-11.991560302105025,4.740715334169715
-26.387981227776883,-20.354699664741496,0.2852290049282471
-26.7519982654673,16.648581853670045,-0.4456804130665694
-24.42947859261021,3.955896987115011,0.4713561369841862
-22.49827685219828,-10.192914934858138,3.0178647534552767
-8.786160087054924,9.909325378858924,5.096209609779275
11.92949913172587,-7.944165610434311,5.225581880273974
-14.051657394674375,-1.694710109076599,2.817618456606716
-19.749492315804062,-9.846804948275711,3.373251126454834
9.94694257525267,27.118040181238428,0.42615092769361695
-1.952437752808553,4.527059814194004,6.356566082836203
-27.609622273551576,-22.26915344211387,0.49557574812456273
-27.661407204012725,26.13713653065355,0.06460094401704436
-5.565495057451699,17.306363061024783,4.016380861741982
-10.272270140586429,-1.8773632247840624,3.3893851391466745
14.954422379947559,18.757939414704737,3.4976017608316368
-18.469418313257272,12.28897013608799,2.5736375224173527
14.205139624185563,-2.185998893112444,2.6509479078585643
-4.5423439567808614,3.56119249143957,5.790524743681796
0.5250637659876709,-27.553788978741075,0.5958300636646967
-23.95833345914231,-19.68537522353612,0.8744129219292072
25.721763831709637,4.074312704495654,-0.030856125247587574
-28.31315803363497,-27.42142465219416,0.022798462691311663
24.105454749453386,21.177223008889868,0.9253314773821044
-1.4116611127274616,-16.8242498329159,0.7733382754989458
4.727502475618891,-4.771005043647612,5.416170928791374
11.625189889458227,-14.251541806424042,4.095951244323423
-3.535722165890153,-21.552824099724084,0.34498943316514225
21.94615308876591,15.56234542568005,1.0461807453654914
22.359086852375462,-16.352103580030377,0.6991239875783949
